{"cameraMode":{"drawMode":0,"name":"Shaded","section":"Shading Mode"},"sceneLighting":false,"audioPlay":false,"sceneViewState":{"m_AlwaysRefresh":false,"showFog":true,"showSkybox":false,"showFlares":true,"showImageEffects":true,"showParticleSystems":true,"showVisualEffectGraphs":true,"m_FxEnabled":true},"in2DMode":false,"pivot":{"x":0.4776763916015625,"y":8.968145370483399,"z":-26.206050872802736},"rotation":{"x":0.1852996051311493,"y":-0.1077304482460022,"z":0.020390864461660386,"w":0.9766296148300171},"size":0.8660253882408142,"orthographic":false}